{"cameraMode":{"drawMode":0,"name":"Shaded","section":"Shading Mode"},"sceneLighting":false,"audioPlay":false,"sceneViewState":{"showFog":true,"showMaterialUpdate":false,"showSkybox":true,"showFlares":true,"showImageEffects":true,"showParticleSystems":true},"in2DMode":false,"pivot":{"x":0.5299999713897705,"y":0.9700000286102295,"z":0.0},"rotation":{"x":-0.0008481086697429419,"y":0.7071304321289063,"z":-0.7071316838264465,"w":-0.0008543147123418748},"size":2.857893466949463,"orthographic":true}