{"cameraMode":{"drawMode":0,"name":"Shaded","section":"Shading Mode"},"sceneLighting":true,"audioPlay":false,"sceneViewState":{"showFog":true,"showMaterialUpdate":false,"showSkybox":true,"showFlares":true,"showImageEffects":true,"showParticleSystems":true},"in2DMode":false,"pivot":{"x":1.4816901683807374,"y":0.732421875,"z":-2.3749728202819826},"rotation":{"x":-0.11047137528657913,"y":-0.37143081426620486,"z":0.044554345309734347,"w":-0.920816957950592},"size":16.886428833007814,"orthographic":true}