{"cameraMode":{"drawMode":0,"name":"Shaded","section":"Shading Mode"},"sceneLighting":true,"audioPlay":false,"sceneViewState":{"showFog":true,"showMaterialUpdate":false,"showSkybox":true,"showFlares":true,"showImageEffects":true,"showParticleSystems":true},"in2DMode":false,"pivot":{"x":1.6415090560913087,"y":0.53125,"z":5.0166015625},"rotation":{"x":-0.5862882137298584,"y":0.0004878559848293662,"z":-0.0003404210146982223,"w":-0.810222864151001},"size":18.92620277404785,"orthographic":true}