{"cameraMode":{"drawMode":0,"name":"Shaded","section":"Shading Mode"},"sceneLighting":false,"audioPlay":false,"sceneViewState":{"showFog":true,"showMaterialUpdate":false,"showSkybox":true,"showFlares":true,"showImageEffects":true,"showParticleSystems":true},"in2DMode":false,"pivot":{"x":0.18042504787445069,"y":1.0253289937973023,"z":0.013934552669525147},"rotation":{"x":0.2995413839817047,"y":-0.0835263729095459,"z":0.025932852178812028,"w":0.9500657320022583},"size":1.1883537769317628,"orthographic":false}